SKIVE,remove the surface of
GRAMA,pasture grass of plains of South America and western North America
CREEL,a wicker basket used by anglers to hold fish
TRIPE,lining of the stomach of a ruminant (especially a bovine) used as food
RELIC,an antiquity that has survived from the distant past
GRIPE,informal terms for objecting
SNOWY,marked by the presence of snow
THROE,severe spasm of pain
YEARN,have affection for; feel tenderness for
WREAK,cause to happen or to occur as a consequence
SWOON,a spontaneous loss of consciousness caused by insufficient blood to the brain
DINGY,depressing in character or appearance
WAKEN,cause to become awake or conscious
SLAKE,make less active or intense
SPURT,the occurrence of a sudden discharge (as of liquid)
FORGO,refrain from consuming
SHOAL,a stretch of shallow water
SPURN,reject with contempt
BONNY,very pleasing to the eye
FENNY,[No defintion found.]
ANELE,administer an oil or ointment to ; often in a religious ceremony of blessing
COVET,"wish, long, or crave for (something, especially the property of another person)"
WORDY,use of more words than required to express an idea
THORP,[No defintion found.]
OAKUM,loose hemp or jute fiber obtained by unravelling old ropes; when impregnated with tar it was used to caulk seams and pack joints in wooden ships
BALAS,a pale rose-colored variety of the ruby spinel
OGDEN,a town in northern Utah settled by Mormons
STOKE,stir up or tend; of a fire
BARMY,informal or slang terms for mentally irregular
THULE,the geographical region believed by ancient geographers to be the northernmost land in the inhabited world
WHELP,young of any of various canines such as a dog or wolf
MAUND,a unit of weight used in Asia; has different values in different countries
INPUT,signal going into an electronic system
SPALL,a fragment broken off from the edge or face of stone or ore and having at least one thin edge
QUERN,a primitive stone mill for grinding corn by hand
COMBE,[No defintion found.]
CYNIC,someone who is critical of the motives of others
WROTH,vehemently incensed and condemnatory
TROTH,a solemn pledge of fidelity
RUDDY,inclined to a healthy reddish color often associated with outdoor life
SOUSE,pork trimmings chopped and pickled and jelled
WODEN,chief god; counterpart of Norse Odin and Teutonic Wotan
SPLAY,an outward bevel around a door or window that makes it seem larger
EMEND,make improvements or corrections to
DIGHT,[No defintion found.]
INGOT,a block of metal that is cast in a particular shape for convenient handling
LUCRE,informal terms for money
BESOT,make dull or stupid or muddle with drunkenness or infatuation
NEWLY,very recently
EAGRE,a high wave (often dangerous) caused by tidal flow (as by colliding tidal currents or in a narrow estuary)
SPRAT,small fatty European fish; usually smoked or canned like sardines
LEPER,a pariah who is avoided by others
FLITE,[No defintion found.]
SLINK,walk stealthily
CHIRK,"make a shrill creaking, squeaking, or noise, as of a door, mouse, or bird"
DIZEN,dress up garishly and tastelessly
POULT,[No defintion found.]
TRYST,a date; usually with a member of the opposite sex
WOOER,a man who courts a woman
BEAMY,broad in the beam
GULCH,a narrow gorge with a stream running through it
ELGAR,British composer of choral and orchestral works including two symphonies as well as songs and chamber music and music for brass band (1857-1934)
MISDO,do wrongly or improperly
WEALD,an area of open or forested country
SPRIT,a light spar that crosses a fore-and-aft sail diagonally
FUROR,a sudden outburst (as of protest)
OUTGO,money paid out
WAXEN,made of or covered with wax
MILCH,giving milk; bred or suitable primarily for milk production
QUOIT,game equipment consisting of a ring of iron or circle of rope used in the game of quoits
MAZER,a large hardwood drinking bowl
FRORE,very cold
PRINK,dress very carefully and in a finicky manner
EMMET,social insect living in organized colonies; characteristically the males and fertile queen have wings during breeding season; wingless sterile females are the workers
VARIX,abnormally enlarged or twisted blood vessel or lymphatic vessel
SMOLT,[No defintion found.]
HAULM,stems of beans and peas and potatoes and grasses collectively as used for thatching and bedding
TILTH,the state of aggregation of soil and its condition for supporting plant growth
PURSY,breathing laboriously or convulsively
WAKER,a person who awakes
HOTLY,in a heated manner
DRAFF,[No defintion found.]
OFFAL,viscera and trimmings of a butchered animal often considered inedible by humans
QUEAN,[No defintion found.]
SIRUP,a thick sweet sticky liquid
BIRLE,cause a floating log to rotate by treading
WHELK,large carnivorous marine gastropods of coastal waters and intertidal regions having a strong snail-like shell
CRUSE,small jar; holds liquid (oil or water)
BUXOM,euphemisms for slightly fat
SHIDE,[No defintion found.]
SEDUM,any of various plants of the genus Sedum
KEMPT,(used of hair) neat and tidy
KNURL,[No defintion found.]
LOSEL,[No defintion found.]
OXLIP,Eurasian primrose with yellow flowers clustered in a one-sided umbel
STIRK,yearling heifer or bullock
OUZEL,common black European thrush
FROSH,[No defintion found.]
ORLOP,the fourth or lowest deck
BROCK,[No defintion found.]
WRACK,dried seaweed especially that cast ashore
LADLE,a spoon-shaped vessel with a long handle; used to transfer liquids
NAVEL,scar where the umbilical cord was attached
FEMME,[No defintion found.]
THOLE,a holder attached to the gunwale of a boat that holds the oar in place and acts as a fulcrum for rowing
HUSSY,a woman adulterer
PLEAT,any of various types of fold formed by doubling fabric back upon itself and then pressing or stitching into shape
NONCE,the present occasion
SOUGH,introduce into an environment
SCRUB,the act of cleaning a surface by rubbing it with a brush and soap and water
CHURL,a bad-tempered person
WREST,"obtain by seizing forcibly or violently, also metaphorically"
GRIST,grain intended to be or that has been ground
WHARF,a platform built out from the shore into the water and supported by piles; provides access to ships and boats
PRATE,idle or foolish and irrelevant talk
PEONY,any of numerous plants widely cultivated for their showy single or double red or pink or white flowers
FLACK,artillery designed to shoot upward at airplanes
WHOOP,a loud hooting cry of exultation or excitement
LOUSE,wingless usually flattened blood-sucking insect parasitic on warm-blooded animals
FELLY,rim (or part of the rim) into which spokes are inserted
PLEAD,appeal or request earnestly
SHEAF,a package of several things tied together for carrying or storing
GLEAN,"gather, as of natural products"
SHRED,a tiny or scarcely detectable amount
WONKY,inclined to shake as from weakness or defect
BEDEW,cover with drops of dew or as with dew
FLAIL,an implement consisting of handle with a free swinging stick at the end; used in manual threshing
DOWEL,a fastener that is inserted into holes in two adjacent pieces and holds them together
WIZEN,lean and wrinkled by shrinkage as from age or illness
THILL,one of two shafts extending from the body of a cart or carriage on either side of the animal that pulls it
TWILL,a cloth with parallel diagonal lines or ribs
DAUNT,cause to lose courage
SPEND,pay out
CHIDE,censure severely or angrily
SURGE,a sudden or abrupt strong increase
BURLY,muscular and heavily built
KEATS,Englishman and Romantic poet (1795-1821)
STUMP,(cricket) any of three upright wooden posts that form the wicket
DROSS,worthless material that should be removed
SHEER,cause to sheer
TAWNY,of a light brown to brownish orange color
GAVEL,a small mallet used by a presiding officer or a judge
SWOOP,a swift descent through the air
LOFTY,of imposing height; especially standing out above others
REFER,have to do with or be relevant to
STONY,showing unfeeling resistance to tender feelings
STINK,a distinctive odor that is offensively unpleasant
THRUM,a thrumming sound
SKEIN,coils of worsted yarn
BESOM,a broom made of twigs tied together on a long handle
WIELD,of power or authority
FLECK,a small fragment of something broken off from the whole
SPELT,hardy wheat grown mostly in Europe for livestock feed
ENACT,act out; represent or perform as if in a play
TRAVE,a horizontal beam that extends across something
FLANK,the side between ribs and hipbone
STILE,an upright that is a member in a door or window frame
ALOUD,using the voice; not silently
PARRY,a return punch (especially by a boxer)
FRITH,[No defintion found.]
STINT,an individuals prescribed share of work
SEIZE,affect
FORAY,an initial attempt (especially outside your usual areas of competence)
INLET,an arm off of a larger body of water (often between rocky headlands)
WHELM,"overcome, as with emotions or perceptual stimuli"
BIGHT,the middle part of a slack rope (as distinguished from its ends)
SNIPE,a gunshot from a concealed location
GAUNT,very thin especially from disease or hunger or cold
LIKEN,"consider or describe as similar, equal, or analogous"
SCOUR,a place that is scoured (especially by running water)
WATTS,English poet and theologian (1674-1748)
OAKEN,consisting of or made of wood of the oak tree
SEINE,"a large fishnet that hangs vertically, with floats at the top and weights at the bottom"
SOOTH,truth or reality
ACOLD,of persons; feeling cold
SIDLE,move sideways
REAVE,steal goods; take as spoils
REPEL,force or drive back
VIGIL,a devotional watch (especially on the eve of a religious festival)
EGRET,any of various usually white herons having long plumes during breeding season
CHARE,[No defintion found.]
SWALE,[No defintion found.]
DOWER,a life estate to which a wife is entitled on the death of her husband
CHURN,a vessel in which cream is agitated to separate butterfat from buttermilk
FILCH,make off with belongings of others
SPECK,a very small spot
WEEDS,a black garment (dress) worn by a widow as a sign of mourning
ADOWN,[No defintion found.]
MANSE,the residence of a clergyman (especially a Presbyterian clergyman)
ELFIN,small and delicate
QUELL,overcome or allay
SHERD,a broken piece of a brittle artifact
INSET,a small picture inserted within the bounds or a larger one
HAUGH,[No defintion found.]
INKLE,a linen tape used for trimming as a decoration
PLASH,the sound like water splashing
CRIMP,a lock of hair that has been artificially waved or curled
GORSE,very spiny and dense evergreen shrub with fragrant golden-yellow flowers; common throughout western Europe
HEADY,extremely exciting as if by alcohol or a narcotic
SPANG,"leap, jerk, bang"
SCULL,a racing shell propelled by one or two oarsmen pulling two oars
SPOKE,support consisting of a radial member of a wheel joining the hub to the rim
FLAIR,a natural talent
THONG,a thin strip of leather; often used to lash things together
FAINT,a spontaneous loss of consciousness caused by insufficient blood to the brain
HAYES,19th President of the United States; his administration removed federal troops from the South and so ended the Reconstruction Period (1822-1893)
BREED,a lineage or race of people
BOAST,speaking of yourself in superlatives
GRAFT,the act of grafting something onto something else
GLAZE,"coating for fabrics, ceramics, metal, etc."
ANVIL,a heavy block of iron or steel on which hot metals are shaped by hammering
HAUNT,a frequently visited place
EERIE,suggestive of the supernatural; mysterious
STARK,complete or extreme
GRIND,the act of grinding to a powder or dust
GROUT,a thin mortar that can be poured and used to fill cracks in masonry or brickwork
GAUGE,a measuring instrument for measuring and indicating a quantity such as the thickness of wire or the amount of rain etc.
KNOWN,apprehended with certainty
BLOWN,being moved or acted upon by moving air or vapor
GLADE,a tract of land with few or no trees in the middle of a wooded area
SHIFT,the act of moving from one place to another
SEVER,set or keep apart
SHOVE,the act of shoving (giving a push to someone or something)
LATCH,catch for fastening a door or gate; a bar that can be lowered or slid into a groove
CLING,fruit (especially peach) whose flesh adheres strongly to the pit
FLUSH,a sudden rapid flow (as of water)
SHANK,a poor golf stroke in which the heel of the club hits the ball
CLASP,the act of grasping
MOUND,structure consisting of an artificial heap or bank usually of earth or stones
SPAWN,the mass of eggs deposited by fish or amphibians or molluscs
RHINE,a major European river carrying more traffic than any other river in the world; flows into the North Sea
ROUSE,become active
CHIVE,perennial having hollow cylindrical leaves used for seasoning
DUSTY,covered with a layer of dust
FRISK,the act of searching someone for concealed weapons or illegal drugs
FLEET,a group of warships organized as a tactical unit
LEASE,a contract granting use or occupation of property during a specified time for a specified payment
STRAY,homeless cat
BOWER,a framework that supports climbing plants
STERN,the rear part of a ship
VOMIT,the reflex act of ejecting the contents of the stomach through the mouth
GRAZE,the act of grazing
CLOVE,spice from dried unopened flower bud of the clove tree; used whole or ground
CROUP,a disease of infants and young children; harsh coughing and hoarseness and fever and difficult breathing
CHINE,backbone of an animal
BORAX,an ore of boron consisting of hydrated sodium borate; used as a flux or cleansing agent
SIEVE,a strainer for separating lumps from powdered material or grading particles
SHIRE,British breed of large heavy draft horse
LUSTY,vigorously passionate
CROAK,a harsh hoarse utterance (as of a frog)
WENCH,informal terms for a (young) woman
JOUST,a combat between two mounted knights tilting against each other with blunted lances
FELON,a purulent infection at the end of a finger or toe in the area surrounding the nail
TRAMP,a heavy footfall
HASTE,the act of moving hurriedly and in a careless manner
STEED,(literary) a spirited horse for state or war
SIEGE,the action of an armed force that surrounds a fortified place and isolates it while continuing to attack
SWEEP,a movement in an arc
KNEAD,make uniform
BEGET,make children
WHISK,a small short-handled broom used to brush clothes
SWELL,a crescendo followed by a decrescendo
ASKER,someone who asks a question
STEER,castrated bull
NAKED,devoid of elaboration or diminution or concealment; bare and pure
GRIME,the state of being covered with unclean things
TREAD,structural member consisting of the horizontal part of a stair or step
STEAD,the function or position properly or customarily occupied or served by another
SWEAR,promise solemnly; take an oath
ADMIT,"allow participation in or the right to be part of; permit to exercise the rights, functions, and responsibilities of"
BOSOM,cloth that covers the chest or breasts
DONOR,person who makes a gift of property
ENDOW,furnish with an endowment
FLOUT,treat with contemptuous disregard
BRAWN,muscular strength
ABAFT,at or near or toward the stern of a ship or tail of an airplane
WAIVE,do without or cease to hold or adhere to
SMOCK,a loose coverall (coat or frock) reaching down to the ankles
STORK,large mostly Old World wading birds typically having white-and-black plumage
CRAZE,a fine crack in a glaze or other surface
SMITE,"inflict a heavy blow on, with the hand, a tool, or a weapon"
STOUT,a garment size for a large or heavy person
SNARL,an angry vicious expression
SQUAT,the act of assuming or maintaining a squatting position
CHAFF,foil in thin strips; ejected into the air as a radar countermeasure
GNASH,"grind together, of teeth"
MARSH,low-lying wet land with grassy vegetation; usually is a transition zone between land and water
GORGE,a deep ravine (usually with a river running through it)
CLUCK,the sound made by a hen (as in calling her chicks)
BEECH,any of several large deciduous trees with rounded spreading crowns and smooth gray bark and small sweet edible triangular nuts enclosed in burs; north temperate regions
HENCE,from this time
CRANK,a hand tool consisting of a rotating shaft with parallel handle
BELAY,something to which a mountain climber's rope can be secured
AWAIT,look forward to the probable occurrence of
CRUDE,a dark oil consisting mainly of hydrocarbons
FEIST,a nervous belligerent little mongrel dog
WEAVE,pattern of weaving or structure of a fabric
HOVEL,small crude shelter used as a dwelling
SCANT,limit in quality or quantity
PSALM,any sacred song used to praise the Deity
FROCK,a one-piece garment for a woman; has skirt and bodice
DRAPE,a sterile covering arranged over a patient's body during a medical examination or during surgery in order to reduce the possibility of contamination
KNOLL,a small natural hill
THANK,express gratitude or show appreciation to
FORTH,out into view
BLEAK,unpleasantly cold and damp
WEIGH,to be oppressive or burdensome
CRACK,a usually brief attempt
CHAFE,soreness and warmth caused by friction
DIZZY,make dizzy or giddy
CAMEL,cud-chewing mammal used as a draft or saddle animal in desert regions
ALDER,north temperate shrubs or trees having toothed leaves and conelike fruit; bark is used in tanning and dyeing and the rot-resistant wood
CHOKE,a valve that controls the flow of air into the carburetor of a gasoline engine
ANNOY,"cause annoyance in; disturb, especially by minor irritations"
TRUNK,luggage consisting of a large strong case used when traveling or for storage
EXILE,the act of expelling a person from their native land
RUMOR,gossip (usually a mixture of truth and untruth) passed around by word of mouth
DOVER,the capital of the state of Delaware
GUILD,a formal association of people with similar interests
STUFF,unspecified qualities required to do or be something
LINEN,white goods or clothing made with linen cloth
BRINK,the edge of a steep place
ADDLE,mix up or confuse
WAYNE,American general during the American Revolution (1745-1796)
TUTOR,a person who gives private instruction (as in singing or acting)
CLOUT,a target used in archery
ARMOR,tough more-or-less rigid protective covering of an animal or plant
LODGE,any of various native American dwellings
FILTH,a state characterized by foul or disgusting dirt and refuse
DROVE,a stonemason's chisel with a broad edge for dressing stone
GUILT,remorse caused by feeling responsible for some offence
HEAVE,throwing something heavy (with great effort)
SHOOT,the act of shooting at targets
COUTH,used facetiously
PURGE,an act of removing by cleansing; ridding of sediment or other undesired elements
STARE,a fixed look with eyes open wide
STEEP,a steep place (as on a hill)
INNER,innermost or essential
CRUEL,lacking or showing kindness or compassion or mercy
KNACK,a special way of doing something
CHALK,a piece of chalk (or similar substance) used for writing on blackboards or other surfaces
PROWL,the act of prowling (walking about in a stealthy manner)
SNORT,a disrespectful laugh
AMUSE,"occupy in an agreeable, entertaining or pleasant fashion"
SHIRT,a garment worn on the upper half of the body
FERRY,transport by boat or aircraft
GLOOM,a feeling of melancholy apprehension
TOWEL,a rectangular piece of absorbent cloth (or paper) for drying or wiping
CRAMP,a strip of metal with ends bent at right angles; used to hold masonry together
SHEET,bed linen consisting of a large rectangular piece of cotton or linen cloth; used in pairs
SWARM,a group of many insects
THANE,a man ranking above an ordinary freeman and below a noble in Anglo-Saxon England (especially one who gave military service in exchange for land)
SWAMP,low land that is seasonally flooded; has more woody plants than a marsh and better drainage than a bog
RAISE,increasing the size of a bet (as in poker)
DAIRY,a farm where dairy products are produced
PINCH,a squeeze with the fingers
BATHE,the act of swimming
CREED,any system of principles or beliefs
ADORN,be beautiful to look at
CATER,supply food ready to eat; for parties and banquets
STALL,a tactic used to mislead or delay
FINCH,any of numerous small songbirds with short stout bills adapted for crushing seeds
AVAIL,a means of serving
STEAL,a stolen base; an instance in which a base runner advances safely during the delivery of a pitch (without the help of a hit or walk or passed ball or wild pitch)
SMEAR,a thin tissue or blood sample spread on a glass slide and stained for cytologic examination and diagnosis under a microscope
WYATT,English poet who introduced the sonnet form to English literature (1503-1542)
HERON,gray or white wading bird with long neck and long legs and (usually) long bill
CLIVE,British general and statesman whose victory at Plassey in 1757 strengthened British control of India (1725-1774)
DRIFT,a horizontal (or nearly horizontal) passageway in a mine
MINCE,food chopped into small bits
STEAM,water at boiling temperature diffused in the atmosphere
STOLE,a wide scarf worn about their shoulders by women
CROFT,a small farm worked by a crofter
UDDER,mammary gland of bovids (cows and sheep and goats)
CLERK,"an employee who performs clerical work (e.g., keeps records or accounts)"
SHARD,a broken piece of a brittle artifact
WELSH,Welsh breed of dual-purpose cattle
SCOFF,showing your contempt by derision
FRIAR,a male member of a religious order that originally relied soley on alms
GUILE,the quality of being crafty
DELAY,the act of delaying; inactivity resulting in something being put off until a later time
BASIN,a bowl-shaped vessel; usually used for holding food or liquids
FLAKE,a crystal of snow
DWELL,make one's home or live in
STUNT,a difficult or unusual or dangerous feat; usually done to gain attention
GUESS,an estimate based on little or no information
TENTH,position ten in a countable series of things
BRAWL,a noisy fight in a crowd
FLASK,bottle that has a narrow neck
BROIL,cooking by direct exposure to radiant heat (as over a fire or under a grill)
SLIMY,covered with or resembling slime
YIELD,an amount of a product
CRUMB,small piece of e.g. bread or cake
HELVE,the handle of a weapon or tool
BRANT,small dark geese that breed in the north and migrate southward
NYMPH,a larva of an insect with incomplete metamorphosis (as the dragonfly or mayfly)
MERIT,any admirable quality or attribute
BRAID,trimming used to decorate clothes or curtains
WRATH,belligerence aroused by a real or supposed wrong (personified as one of the deadly sins)
FRAME,one of a series of still transparent photographs on a strip of film used in making movies
WIDOW,a woman whose husband is dead especially one who has not remarried
RIVEN,[No defintion found.]
REGAL,belonging to or befitting a supreme ruler
ALIGN,align with; be or come into adjustment
CHARY,characterized by great cautious and wariness
STALE,"urinate, of cattle and horses"
MOOCH,ask for and get free; be a parasite
TWAIN,two items of the same kind
NEEDY,poor enough to need help from others
SWINE,stout-bodied short-legged omnivorous animals
SINGE,a surface burn
BOTCH,an embarrassing mistake
FIERY,like or suggestive of fire
KNEEL,supporting yourself on your knees
THROW,the act of throwing (propelling something through the air with a rapid movement of the arm and wrist)
BELIE,be in contradiction with
CANNY,showing self-interest and shrewdness in dealing with others
COLLY,"make soiled, filthy, or dirty"
SPITE,malevolence by virtue of being malicious or spiteful or nasty
BLEAT,the sound of sheep or goats (or any sound resembling this)
BRASS,a wind instrument that consists of a brass tube (usually of variable length) blown by means of a cup-shaped or funnel-shaped mouthpiece
PLUCK,the act of pulling and releasing a taut cord
VIXEN,a malicious fierce-tempered woman
GROIN,the crease at the junction of the inner part of the thigh with the trunk together with the adjacent region and often including the external genitals
QUALM,uneasiness about the fitness of an action
DROOP,a shape that sags
FLUKE,parasitic flatworms having external suckers for attaching to a host
MULCH,a protective covering of rotting vegetable matter spread to reduce evaporation and soil erosion
GRUNT,medium-sized tropical marine food fishes that utter a grunting sound when caught
ANENT,[No defintion found.]
THEFT,the act of taking something from someone unlawfully
SWARD,surface layer of ground containing a matt of grass and grass roots
RINSE,washing lightly without soap
LITHE,gracefully slender; moving and bending with ease
SWATH,a path or strip (as cut by one course of mowing)
WITHE,band or rope made of twisted twigs or stems
STRAP,whip consisting of a strip of leather used in flogging
AVENS,any of various perennials of the genus Geum having usually pinnate basal leaves and variously colored flowers
ERROR,(baseball) a failure of a defensive player to make an out when normal play would have sufficed
SNOOD,an ornamental net in the shape of a bag that confines a woman's hair; pins or ties at the back of the head
BRIAR,a pipe made from the root (briarroot) of the tree heath
SWART,naturally having skin of a dark color
TAPER,the property possessed by a shape that narrows toward a point (as a wedge or cone)
TRUCE,a state of peace agreed to between opponents so they can discuss peace terms
MIDGE,minute two-winged mosquito-like fly lacking biting mouthparts; appear in dancing swarms especially near water
GREET,be perceived by
PRONG,a pointed projection
WRING,a twisting squeeze
ABYSM,a bottomless gulf or pit; any unfathomable (or apparently unfathomable) cavity or chasm or void extending below (often used figuratively)
SEDGE,"grasslike or rushlike plant growing in wet places having solid stems, narrow grasslike leaves and spikelets of inconspicuous flowers"
LATHE,machine tool for shaping metal or wood; the workpiece turns about a horizontal axis against a fixed tool
FRIZZ,curl tightly
BLATE,cry plaintively
MIRTH,great merriment
STRUT,a proud stiff pompous gait
CREAK,a squeaking sound
BELCH,a reflex that expels wind noisily from the stomach through the mouth
WHIST,a card game for four players who form two partnerships; a pack of 52 cards is dealt and each side scores one point for each trick it takes in excess of six
STAIR,support consisting of a place to rest the foot while ascending or descending a stairway
MOURN,feel sadness
MYRRH,aromatic resin burned as incense and used in perfume
LOATH,unwillingness to do something contrary to your custom
SHEAR,a large edge tool that cuts sheet metal by passing a blade through it
HUTCH,a cage (usually made of wood and wire mesh) for small animals
SAXON,a member of a Germanic people who conquered England and merged with the Angles and Jutes to become Anglo-Saxons; dominant in England until the Norman conquest
HURST,[No defintion found.]
TRIBE,(biology) a taxonomic category between a genus and a subfamily
QUILL,a stiff hollow protective spine on a porcupine or hedgehog
LEECH,carnivorous or bloodsucking aquatic or terrestrial worms typically having a sucker at each end
ROOST,a perch on which domestic fowl rest or sleep
MANNA,hardened sugary exudation of various trees
FEIGN,make believe with the intent to deceive
REVEL,unrestrained merrymaking
STALK,a stiff or threatening gait
CLACK,a sharp abrupt noise as if two objects hit together; may be repeated
STREW,cover; be dispersed over
SHRUB,a low woody perennial plant usually having several major branches
RETCH,an involuntary spasm of ineffectual vomiting
SLEET,partially melted snow (or a mixture of rain and snow)
SNEAK,someone who prowls or sneaks about; usually with unlawful intentions
GULLY,deep ditch cut by running water (especially after a prolonged downpour)
WITTY,combining clever conception and facetious expression
CLEAT,a strip of wood or metal used to strengthen the surface to which it is attached
SINEW,a cord or band of inelastic tissue connecting a muscle with its bony attachment
TARRY,leave slowly and hesitantly
SHALE,a sedimentary rock formed by the deposition of successive layers of clay
KNAVE,one of four face cards in a deck bearing a picture of a young prince
PRATT,[No defintion found.]
GROAT,a former English silver coin worth four pennies
NETTY,creating netting
LEEDS,a city on the River Aire in West Yorkshire in northern England; a center of the clothing industry
LEACH,the process of leaching
CUBBY,a small secluded room
FLUME,watercourse that consists of an open artificial chute filled with water for power or for carrying logs
DOWRY,money or property brought by a woman to her husband at marriage
SMELT,small trout-like silvery marine or freshwater food fishes of cold northern waters
GUISE,an artful or simulated semblance
SPUNK,the courage to carry on
MIXED,involving or composed of different races
SHITE,obscene terms for feces
GLIDE,the activity of flying a glider
DEIGN,do something that one considers to be below one's dignity
CHORE,a specific piece of work required to be done as a duty or for a specific fee
BAIRN,a child: son or daughter
EDWIN,king of Northumbria who was converted to Christianity (585-633)
GIDDY,having or causing a whirling sensation; liable to falling
COVEN,an assembly of witches; usually 13 witches
BERTH,a bed on a ship or train; usually in tiers
ABACK,by surprise
UPSET,the act of upsetting something
GRAVE,a place for the burial of a corpse (especially beneath the ground and marked by a tombstone)
SHAFT,a long rod or pole (especially the handle of an implement or the body of a weapon like a spear or arrow)
BYRON,English romantic poet notorious for his rebellious and unconventional lifestyle (1788-1824)
CRESS,pungent leaves of any of numerous cruciferous herbs
LIMIT,the greatest possible degree of something
DELVE,"turn up, loosen, or remove earth"
QUAKE,shaking and vibration at the surface of the earth resulting from underground movement along a fault plane of from volcanic activity
PROVE,be shown or be found to be
ARISE,originate or come into being
FIFTH,the musical interval between one note and another five notes away from it
SPILL,a sudden drop from an upright position
RIFLE,a shoulder firearm with a long barrel and a rifled bore
ALLAY,lessen the intensity of or calm
WOUND,the act of inflicting a wound
WRECK,a ship that has been destroyed at sea
ALIKE,in a like manner
STAMP,a block or die used to imprint a mark or design
SATAN,(Judeo-Christian and Islamic religions) chief spirit of evil and adversary of God; tempter of mankind; master of Hell
AMAZE,affect with wonder
AWAKE,stop sleeping
SHAKE,grasping and shaking a person's hand (as to acknowledge an introduction or to agree on a contract)
VITAL,manifesting or characteristic of life
ADIEU,a farewell remark
SHREW,small mouselike mammal with a long snout; related to moles
SHALL,[No defintion found.]
THIGH,the part of the leg between the hip and the knee
ABHOR,find repugnant
CROOK,a long staff with one end being hook shaped
DRAFT,the act of moving a load by drawing or pulling
BIRCH,bundle of birch twigs used to hit people as punishment
THICK,the location of something surrounded by other things
SNARE,a trap for birds or small mammals; often has a noose
LEARN,acquire or gain knowledge or skills
MANGE,a persistent and contagious disease of the skin causing inflammation and itching and loss of hair; affects domestic animals (and sometimes people)
TATUM,United States jazz pianist who was almost completely blind; his innovations influenced many other jazz musicians (1910-1956)
CURSE,profane or obscene expression usually of surprise or anger
BRINE,a strong solution of salt and water used for pickling
GRILL,a framework of metal bars used as a partition or a grate
ARBOR,a framework that supports climbing plants
CRAVE,plead or ask for earnestly
CRAWL,a slow creeping mode of locomotion (on hands and knees or dragging the body)
AUGHT,a quantity of no importance
THUMB,the part of a glove that provides a covering for the thumb
ENJOY,have for one's benefit
CRUSH,the act of crushing
CHOIR,the area occupied by singers; the part of the chancel between sanctuary and nave
BUILD,constitution of the human body
BURST,a sudden flurry of activity (often for no obvious reason)
SPEAK,make a characteristic or natural sound
TRUMP,a playing card in the suit that has been declared trumps
GRASP,a firm controlling influence
HEATH,a tract of level wasteland; uncultivated land with sandy soil and scrubby vegetation
ATONE,turn away from sin or do penitence
TALLY,a score in baseball made by a runner touching all four bases safely
ELBOW,the joint of a mammal or bird that corresponds to the human elbow
BLESS,confer prosperity or happiness on
STOOL,a simple seat without a back or arms
ROVER,an adult member of the Boy Scouts movement
BLUSH,sudden reddening of the face (as from embarrassment or guilt or shame or modesty)
LEASH,restraint consisting of a rope (or light chain) used to restrain an animal
HURRY,a condition of urgency making it necessary to hurry
PRICK,the act of puncturing with a small point
BLEND,the act of blending components together thoroughly
EAVES,the overhang at the lower edge of a roof
STEEL,knife sharpener consisting of a ridged steel rod
HOVER,move to and fro
STIFF,an ordinary man
WRITE,communicate or express by writing
SLIME,any thick messy substance
ALARM,a device that signals the occurrence of some undesirable event
TRACE,either of two lines that connect a horse's harness to a wagon or other vehicle or to a whiffletree
CHEAP,relatively low in price or charging low prices
ONSET,the beginning or early stages
DREAD,fearful expectation or anticipation
SYRUP,a thick sweet sticky liquid
PREEN,dress or groom with elaborate care
HARSH,extremely unkind or cruel
GROSS,the entire amount of income before any deductions are made
DWARF,a person who is abnormally small
DALLY,behave carelessly or indifferently
CLOTH,artifact made by weaving or felting or knitting or crocheting natural or synthetic fibers
CROCK,an earthen jar (made of baked clay)
SWIFT,small plain-colored bird that resembles a swallow and is noted for its rapid flight
TRILL,a note that alternates rapidly with another note a semitone above it
GRAVY,basically the juices that drip from cooking meats
BROTH,a thin soup of meat or fish or vegetable stock
WHOLE,an assemblage of parts that is regarded as a single entity
ROAST,a piece of meat roasted or for roasting and of a size for slicing into more than one portion
SHAVE,the act of removing hair with a razor
ARRAY,an arrangement of aerials spaced to give desired directional characteristics
SAINT,person of exceptional holiness
WAIST,the narrowing of the body between the ribs and hips
AMONG,[No defintion found.]
BROOD,the young of an animal cared for at one time
FREAK,a person or animal that is markedly unusual or deformed
BLAND,lacking either stimulating or irritating characteristics
AVOID,refrain from doing something
SPADE,a sturdy hand shovel that can be pushed into the earth with the foot
SPIRE,a tall tower that forms the superstructure of a building (usually a church or temple) and that tapers to a point at the top
ROUGH,the part of a golf course bordering the fairway where the grass is not cut short
PRICE,the high value or worth of something
SMELL,the act of perceiving the odor of something
FRESH,(of a cycle) beginning or occurring again
STORE,a supply of something available for future use
GROVE,garden consisting of a small cultivated wood without undergrowth
SENSE,the faculty through which the external world is apprehended
CHEST,box with a lid; used for storage; usually large and sturdy
FANCY,fancy was held by Coleridge to be more casual and superficial than imagination
BRADY,United States financier noted for his love of diamonds and his extravagant lifestyle (1856-1917)
MATCH,lighter consisting of a thin piece of wood or cardboard tipped with combustible chemical; ignites with friction
SHEEP,woolly usually horned ruminant mammal related to the goat
PRIDE,unreasonable and inordinate self-esteem (personified as one of the deadly sins)
PERRY,a fermented and often effervescent beverage made from juice of pears; similar in taste to hard cider
JUICE,any of several liquids of the body
LEVEL,indicator that establishes the horizontal when a bubble is centered in a tube of liquid
FLAME,the process of combustion of inflammable materials producing heat and light and (often) smoke
OFFER,something offered (as a proposal or bid)
TWIST,turning or twisting around (in place)
BOUGH,any of the larger branches of a tree
MAPLE,any of numerous trees or shrubs of the genus Acer bearing winged seeds in pairs; north temperate zone
JOLLY,a happy party
HINGE,a joint that holds two parts together so that one can swing relative to the other
PROUD,feeling self-respect or pleasure in something by which you measure your self-worth; or being a reason for pride
PAINT,a substance used as a coating to protect or decorate a surface (especially a mixture of pigment suspended in a liquid); dries to form a hard coating
PRESS,the act of pressing; the exertion of pressure
PATCH,a piece of cloth used as decoration or to mend or cover a hole
MERCY,alleviation of distress; showing great kindness toward the distressed
BAKER,someone who bakes bread or cake
BROOM,a cleaning implement for sweeping; bundle of straws or twigs attached to a long handle
STOCK,the merchandise that a shop has on hand
STING,a painful wound caused by the thrust of an insect's stinger into skin
FABLE,a short moral story (often with animal characters)
BENCH,a long seat for more than one person
BRAND,a recognizable kind
OTTER,freshwater carnivorous mammal having webbed and clawed feet and dark brown fur
GOOSE,web-footed long-necked typically gregarious migratory aquatic birds usually larger and less aquatic than ducks
OUGHT,[No defintion found.]
SLOTH,apathy and inactivity in the practice of virtue (personified as one of the deadly sins)
EAGER,a high wave (often dangerous) caused by tidal flow (as by colliding tidal currents or in a narrow estuary)
SERVE,(sports) a stroke that puts the ball in play
COVER,fire that makes it difficult for the enemy to fire on your own individuals or formations
FLOOR,the inside lower horizontal surface (as of a room or hallway)
NOISE,incomprehensibility resulting from irrelevant information or meaningless facts or remarks
TRADE,the skilled practice of a practical occupation
DRAIN,emptying accomplished by draining
SHORE,a beam or timber that is propped against a structure to provide support
THIEF,a criminal who takes property belonging to someone else with the intention of keeping it or selling it
EMPTY,a container that has been emptied
PUNCH,(boxing) a blow with the fist
ABUSE,a rude expression intended to offend or hurt
GROOM,a man who has recently been married
EBONY,tropical tree of southern Asia having hard dark-colored heartwood used in cabinetwork
WASTE,useless or profitless activity; using or expending or consuming thoughtlessly or carelessly
SHAPE,the spatial arrangement of something as distinct from its substance
ABBOT,the superior of an abbey of monks
MARRY,take in marriage
MOIST,slightly wet
SWEAT,condensation of moisture on a cold surface
STAIN,a soiled or discolored appearance
CRANE,large long-necked wading bird of marshes and plains in many parts of the world
NINTH,position nine in a countable series of things
NOBLE,a titled peer of the realm
HATCH,a movable barrier covering a hatchway
ENEMY,any hostile group of people
PORCH,a structure attached to the exterior of a building often forming a covered entrance
CHICK,young bird especially of domestic fowl
DITCH,a long narrow excavation in the earth
ACORN,fruit of the oak tree: a smooth thin-walled nut in a woody cup-shaped base
SMOKE,the act of smoking tobacco or other substances
ANGRY,feeling or showing anger
RIDGE,a beam laid along the ridge of a roof; provides attachment for upper end of rafters
SABLE,marten of northern Asian forests having luxuriant dark brown fur
LAYER,thin structure composed of a single thickness of cells
BRING,take something or somebody with oneself somewhere
HOBBY,small Old World falcon formerly trained and flown at small birds
PROOF,a trial photographic print from a negative
WHILE,a period of indeterminate length (usually short) marked by some action or condition
SHAME,a painful emotion resulting from an awareness of inadequacy or guilt
SLICE,a golf shot that curves to the right for a right-handed golfer
HAZEL,the fine-grained wood of a hazelnut tree (genus Corylus) and the hazel tree (Australian genus Pomaderris)
MERRY,quick and energetic
TOUGH,a cruel and brutal fellow
FLOAT,something that remains on the surface of a liquid
SPEED,changing location rapidly
STILL,an apparatus used for the distillation of liquids; consists of a vessel in which a substance is vaporized by heat and a condenser where the vapor is condensed
THORN,a Germanic character of runic origin
SWORD,a cutting or thrusting weapon with a long blade
BRIDE,a woman who has recently been married
TWEAK,a squeeze with the fingers
BLOOM,a rosy color (especially in the cheeks) taken as a sign of good health
SANDY,abounding in sand
CLIFF,a steep high face of rock
UTTER,put into circulation
BROOK,a natural stream of water smaller than a river (and often a tributary of a river)
STRAW,a thin paper or plastic tube used to such liquids into the mouth
SALVE,anything that remedies or heals or soothes
CHILL,coldness due to a cold environment
REIGN,royal authority; the dominion of a monarch
ABASH,cause to be embarrassed; cause to feel self-conscious
FLOCK,a group of birds
FLASH,a lamp for providing momentary light to take a photograph
ANKLE,a gliding joint between the distal ends of the tibia and fibula and the proximal end of the talus
BLIND,something that keeps things out or hinders sight
BLAME,a reproach for some lapse or misdeed
SKILL,ability to produce solutions in some problem domain
WEARY,get tired of something or somebody
DRONE,stingless male bee in a colony of social bees (especially honeybees) whose sole function is to mate with the queen
JOINT,marijuana leaves rolled into a cigarette for smoking
JEANS,[No defintion found.]
ABASE,cause to feel shame; hurt the pride of
DOUBT,uncertainty about the truth or factuality of existence of something
HAVEN,a shelter serving as a place of safety or sanctuary
TIGHT,of such close construction as to be impermeable
TEASE,the act of harassing someone playfully or maliciously (especially by ridicule); provoking someone with persistent annoyances
CROWD,a large number of things or people considered together
FLESH,the soft tissue of the body of a vertebrate: mainly muscle tissue and fat
BLADE,the flat part of a tool or weapon that (usually) has a cutting edge
BLAZE,a light-colored marking
CRASH,the act of colliding with something
CLAIM,demand for something as rightful or due
SIREN,eel-like aquatic North American salamander with small forelimbs and no hind limbs; have permanent external gills
SHARP,a long thin sewing needle with a sharp point
DUTCH,the West Germanic language of the Netherlands
DRAKE,adult male of a wild or domestic duck
MOUNT,mounting consisting of a piece of metal (as in a ring or other jewelry) that holds a gem in place
BLEED,get or extort (money or other possessions) from someone
SHADE,protective covering that protects something from direct sunlight
GROWL,the sound of growling (as made by animals)
CABIN,the enclosed compartment of an aircraft or spacecraft where passengers are carried
WEDGE,something solid that is usable as an inclined plane (shaped like a V) that can be pushed between two things to separate them
CREEP,a pen that is fenced so that young animals can enter but adults cannot
PIECE,a separate part of a whole
BLISS,a state of extreme happiness
FETCH,be sold for a certain price
TREND,the popular taste at a given time
PRIZE,something given for victory or superiority in a contest or competition or for winning a lottery
BUNCH,any collection in its entirety
EDGAR,the younger brother of Edwy who became king of Northumbria when it renounced Edwy; on Edwy's death he succeeded to the throne of England (944-975)
WHEAT,grains of common wheat; sometimes cooked whole or cracked as cereal; usually ground into flour
CREST,a showy growth of e.g. feathers or skin on the head of a bird or other animal
NIECE,a daughter of your brother or sister
DEPTH,degree of psychological or intellectual depth
SPEAR,a long pointed rod used as a weapon
CARRY,the act of carrying something
LABEL,trade name of a company that produces musical recordings
GUEST,a visitor to whom hospitality is extended
WHEEL,a simple machine consisting of a circular frame with spokes (or a solid disc) that can rotate on a shaft or axle (as in vehicles or other machines)
IVORY,a hard smooth ivory colored dentine that makes up most of the tusks of elephants and walruses
RANDY,feeling great sexual desire
PITCH,the action or manner of throwing something
BUNNY,(usually informal) especially a young rabbit
COAST,the area within view
TOKEN,a metal or plastic disk that can be used (as a substitute for coins) in slot machines
FAIRY,"small, human in form, playful, having magical powers"
CHIEF,a person who exercises control over workers
SPELL,a verbal formula believed to have magical force
ABBEY,a monastery ruled by an abbot
PANTS,(usually in the plural) underpants worn by women
SLAVE,a person who is owned by someone
BLANK,a cartridge containing an explosive charge but no bullet
HOUND,any of several breeds of dog used for hunting typically having large drooping ears
FAULT,"(sports) a serve that is illegal (e.g., that lands outside the prescribed area)"
MIGHT,physical strength
SINCE,[No defintion found.]
URINE,liquid excretory product
BROAD,slang term for a woman
FEAST,something experienced with great delight
GUIDE,someone who shows the way by leading or advising
AWARE,bearing in mind; attentive to
VERSE,a piece of poetry
SLIDE,the act of moving smoothly along a surface while remaining in contact with it
WHERE,in or at or to what place
ADDER,small terrestrial viper common in northern Eurasia
TASTE,a kind of sensing; distinguishing substances by means of the taste buds
ELDER,a person who is older than you are
LARGE,a garment size for a large person
SNORE,the act of snoring or producing a snoring sound
MISTY,wet with mist
ASPEN,any of several trees of the genus Populus having leaves on flattened stalks so that they flutter in the lightest wind
POUND,a public enclosure for stray or unlicensed dogs
SCORE,the act of scoring in a game or sport
YEAST,any of various single-celled fungi that reproduce asexually by budding or division
HEDGE,a fence formed by a row of closely planted shrubs or bushes
STAFF,a strong rod or stick with a specialized utilitarian purpose
TWINE,a lightweight cord
THIRD,the musical interval between one note and another three notes away from it
CRISP,a thin crisp slice of potato fried in deep fat
ITALY,a republic in southern Europe on the Italian Peninsula; was the core of the Roman Republic and the Roman Empire between the 4th century BC and the 5th century AD
BATCH,a collection of things or persons to be handled together
ALINE,place in a line or arrange so as to be parallel or straight
ENTER,become a participant; be involved in
SOLAR,relating to or derived from the sun or utilizing the energies of the sun
GRIEF,something that causes great unhappiness
BISON,any of several large shaggy-maned humped bovids having large heads and short horns
CHEEK,either side of the face below the eyes
GYPSY,a member of a nomadic people originating in northern India and now living on all continents
CHEAT,a deception for profit to yourself
BOUND,the line or plane indicating the limit or extent of something
FIEND,one of the evil spirits of traditional Jewish and Christian belief
STUDY,a room used for reading and writing and studying
SPARE,a score in tenpins; knocking down all ten after rolling two balls
PRANK,a ludicrous or grotesque act done for fun and amusement
CLIMB,the act of climbing something
ABYSS,a bottomless gulf or pit; any unfathomable (or apparently unfathomable) cavity or chasm or void extending below (often used figuratively)
SMACK,the act of smacking something; a blow delivered with an open hand
SEVEN,the cardinal number that is the sum of six and one
WORLD,all of your experiences that determine how things appear to you
ABOUT,in the area or vicinity
AGAIN,anew
HEART,a playing card in the major suit of hearts
WATER,a fluid necessary for the life of most animals and plants
HAPPY,experiencing pleasure or joy
SIXTY,the cardinal number that is the product of ten and six
BOARD,a flat piece of material designed for a special purpose
MONTH,a time unit of 30 days
DEATH,the act of killing
GREEN,the property of being green; resembling the color of growing grass
FIFTY,the cardinal number that is the product of ten and five
SOAPY,having the qualities of soap (and liable to slip away)
THREE,the cardinal number that is the sum of one and one and one
HELLO,an expression of greeting
SALTY,one of the four basic taste sensations; like the taste of sea water
MOUTH,the opening of a jar or bottle
WOMAN,an adult female person (as opposed to a man)
DREAM,a state of mind characterized by abstraction and release from reality
APPLE,fruit with red or yellow or green skin and sweet to tart crisp whitish flesh
LAUGH,a facial expression characteristic of a person laughing
TIGER,large feline of forests in most of Asia having a tawny coat with black stripes; endangered
FAITH,loyalty or allegiance to a cause or a person
EARTH,the abode of mortals (as contrasted with heaven or hell)
MONEY,wealth reckoned in terms of money
PEACE,a treaty to cease hostilities
SMILE,a facial expression characterized by turning up the corners of the mouth; usually shows pleasure or amusement
ABATE,become less in amount or intensity
HOUSE,play in which children take the roles of father or mother or children and pretend to interact like adults
ALONE,without anybody else
WATCH,a purposeful surveillance to guard or observe
AFTER,behind or in the rear
WOMEN,[No defintion found.]
STONE,building material consisting of a piece of rock hewn in a definite shape for a special purpose
BLOOD,temperament or disposition
THING,a separate and self-contained entity
LIGHT,any device serving as a source of illumination
COUGH,the act of exhaling air suddenly with a noise
POWER,possession of controlling influence
POINT,sharp end
TODAY,the day that includes the present moment (as opposed to yesterday or tomorrow)
ANGER,a strong emotion; a feeling that is oriented toward some real or supposed grievance
GLORY,brilliant radiant beauty
APRIL,the month following March and preceding May
ABOVE,appearing earlier in the same text
IRISH,the Celtic language of Ireland
BIRTH,the event of being born
OTHER,not the same one or ones already mentioned or implied
GRACE,a disposition to kindness and compassion; benign good will
QUEEN,the only fertile female in a colony of social insects such as bees and ants and termites; its function is to lay eggs
SMART,a kind of pain such as that caused by a wound or a burn or a sore
KNIFE,edge tool used as a cutting instrument; has a pointed blade with a sharp edge and a handle
BLACK,black clothing (worn as a sign of mourning)
TRUTH,a fact that has been verified
TRAIN,public transport provided by a line of railway cars coupled together and drawn by a locomotive
BRAIN,that part of the central nervous system that includes all the higher nervous centers; enclosed within the skull; continuous with the spinal cord
UNDER,located below or beneath something else
FRUIT,the consequence of some effort or action
TRUCK,an automotive vehicle suitable for hauling
FIELD,a particular kind of commercial enterprise
BIBLE,a book regarded as authoritative in its field
DANCE,an artistic form of nonverbal communication
VOICE,a means or agency by which something is expressed or communicated
SMITH,someone who works metal (especially by hammering it when it is hot and malleable)
SORRY,feeling or expressing sorrow or pity
LOVER,a person who loves or is loved
NEVER,not ever; at no time in the past or future
METAL,a mixture containing two or more metallic elements or metallic and nonmetallic elements usually fused together or dissolving into each other when molten
PENNY,a coin worth one-hundredth of the value of the basic unit
HONEY,a sweet yellow liquid produced by bees
COLOR,the appearance of objects (or light sources) described in terms of a person's perception of their hue and lightness (or brightness) and saturation
CLOUD,a visible mass of water or ice particles suspended at a considerable altitude
MOUSE,any of numerous small rodents typically resembling diminutive rats having pointed snouts and small ears on elongated bodies with slender usually hairless tails
BREAD,food made from dough of flour or meal and usually raised with yeast or baking powder and then baked
DAILY,a newspaper that is published every day
BEARD,hairy growth on or near the face of certain mammals
ALIVE,having life or vigor or spirit
PLACE,an abstract mental location
WORTH,the quality that renders something desirable or valuable or useful
DRESS,a one-piece garment for a woman; has skirt and bodice
TABLE,a piece of furniture having a smooth flat top that is usually supported by one or more vertical legs
CROSS,a cross as an emblem of Christianity; used in heraldry
WHITE,(board games) the lighter pieces
CLEAR,the state of being free of suspicion
MARCH,a steady advance
GOING,advancing toward a goal
BELLY,the underpart of the body of certain vertebrates such as snakes or fish
YOUNG,any immature animal
RANGE,a place for shooting (firing or driving) projectiles of various kinds
GREAT,more than usual
SWEET,the taste experience when sugar dissolves in the mouth
BEACH,an area of sand sloping down to the water of a sea or lake
HARRY,"make a pillaging or destructive raid on (a place), as in wartimes"
CLOCK,a timepiece that shows the time of day
PEACH,downy juicy fruit with sweet yellowish or whitish flesh
SOUND,the particular auditory effect produced by a given cause
FEVER,intense nervous anticipation
YOUTH,the freshness and vitality characteristic of a young person
DAISY,any of numerous composite plants having flower heads with well-developed ray flowers usually arranged in a single whorl
EAGLE,any of various large keen-sighted diurnal birds of prey noted for their broad wings and strong soaring flight
START,a turn to be a starter (in a game at the beginning)
RIGHT,a turn to the right
WITCH,a being (usually female) imagined to have special powers derived from the devil
DOUGH,a flour mixture stiff enough to knead or roll
THINK,an instance of deliberate thinking
IMAGE,an iconic mental representation
CATCH,the act of catching an object with the hands
SLEEP,a natural and periodic state of rest during which consciousness of the world is suspended
BELOW,at a later place
STORM,a direct and violent assault on a stronghold
SILLY,a word used for misbehaving children
BERRY,any of numerous small and pulpy edible fruits; used as desserts or in making jams and jellies and preserves
RHYME,correspondence in the sounds of two or more lines (especially final sounds)
LEAVE,permission to do something
WHALE,any of the larger cetacean mammals having a streamlined body and breathing through a blowhole on the head
SALLY,a venture off the beaten path
EVERY,[No defintion found.]
ARROW,a projectile with a straight thin shaft and an arrowhead on one end and stabilizing vanes on the other; intended to be shot from a bow
THERE,a location other than here; that place
BACON,back and sides of a hog salted and dried or smoked; usually sliced thin and fried
ONION,an aromatic flavorful bulb
STICK,threat of a penalty
QUIET,a disposition free from stress or emotion
TOUCH,the act of putting two things together with no space between them
CLEAN,a weightlift in which the barbell is lifted to shoulder height and then jerked overhead
LIVER,large and complicated reddish-brown glandular organ located in the upper right portion of the abdominal cavity; secretes bile and functions in metabolism of protein and carbohydrate and fat; synthesizes substances involved in the clotting of the blood; synthesizes vitamin A; detoxifies poisonous substances and breaks down worn-out erythrocytes
LUCKY,having or bringing good fortune
CHILD,a young person of either sex
GLOVE,handwear: covers the hand and wrist
UNCLE,the brother of your father or mother; the husband of your aunt
SHOUT,a loud utterance; often in protest or opposition
EARLY,very young
BRIAN,[No defintion found.]
OFTEN,many times at short intervals
FIGHT,a boxing match
FORCE,physical energy or intensity
TRUST,the trait of trusting; of believing in the honesty and reliability of others
ANGLE,a member of a Germanic people who conquered England and merged with the Saxons and Jutes to become Anglo-Saxons
CRAFT,a vehicle designed for navigation in or on water or air or through outer space
SKULL,the bony skeleton of the head of vertebrates
ORDER,putting in order
SWING,changing location by moving back and forth
DRIVE,the act of applying force to propel something
SHINE,the quality of being bright and sending out rays of light
STAND,a defensive effort
STAGE,a section or portion of a journey or course
EMBER,a hot glowing or smouldering fragment of wood or coal left from a fire
WORRY,a strong feeling of anxiety
RAVEN,large black bird with a straight bill and long wedge-shaped tail
SIGHT,"a optical instrument for aiding the eye in aiming, as on a firearm or surveying instrument"
SHORT,the location on a baseball field where the shortstop is stationed
HORSE,solid-hoofed herbivorous quadruped domesticated since prehistoric times
TROUT,any of various game and food fishes of cool fresh waters mostly smaller than typical salmons
DEVIL,a word used in exclamations of confusion
SPOON,a piece of cutlery with a shallow bowl-shaped container and a handle; used to stir or serve or take up food
GRAND,a piano with the strings on a harp-shaped frame; usually supported by 3 legs
AWARD,a grant made by a law court
QUICK,any area of the body that is highly sensitive to pain (as the flesh underneath the skin or a fingernail or toenail)
CAUSE,a justification for something existing or happening
CLOSE,the concluding part of any performance
SCOUT,someone who can find paths through unexplored territory
SNAIL,freshwater or marine or terrestrial gastropod mollusk usually having an external enclosing spiral shell
PURSE,a small bag for carrying money
TEETH,the kind and number and arrangement of teeth (collectively) in a person or animal
SHARE,assets belonging to or due to or contributed by an individual person or group
ALONG,with a forward motion
WORSE,something inferior in quality or condition or effect
REACH,the act of physically reaching or thrusting out
QUACK,the harsh sound of a duck
SHEEN,the visual property of something that shines with reflected light
FIRST,an honours degree of the highest class
COUNT,the act of counting
SHELF,a support that consists of a horizontal surface for holding objects
GRAPE,any of various juicy purple- or green-skinned fruit of the genus Vitis; grow in clusters
DRINK,the act of drinking alcoholic beverages to excess
WRONG,a legal injury is any damage resulting from a violation of a legal right
CREAM,toiletry consisting of any of various substances resembling cream that have a soothing and moisturizing effect when applied to the skin
SNAKE,limbless scaly elongate reptile; some are venomous
HEAVY,a serious (or tragic) role in a play
TOOTH,a means of enforcement
IDIOT,a person of subnormal intelligence
CHAIN,a series of (usually metal) rings or links fitted into one another to make a flexible ligament
BREAK,an escape from jail
SHELL,the hard largely calcareous covering of a mollusc
FINAL,the final match between the winners of all previous matches in an elimination tournament
FALSE,designed to deceive
SMALL,a garment size for a small person
BLOCK,a solid piece of something (usually having flat rectangular sides)
BRUSH,contact with something dangerous or undesirable
ALLOW,let have
HABIT,a pattern of behavior acquired through frequent repetition
TOWER,a structure taller than its diameter; can stand alone or be attached to a larger building
TOTAL,the whole amount
ABIDE,put up with something or somebody unpleasant
GRANT,the act of providing a subsidy
READY,poised for action
BLAST,a long and hard-hit fly ball
POPPY,annual or biennial or perennial herbs having showy flowers
GHOST,a mental representation of some haunting experience
ABORT,terminate before completion
ABODE,any address at which you dwell more than temporarily
FLOOD,a large flow
CIDER,a beverage made from juice pressed from apples
ORION,a constellation on the equator east of Taurus; contains Betelgeuse and Rigel